{
    "1": [
        -1.4250000000000016,
        -1.4600000000000009,
        0.7249999999999907,
        1.5049999999999801,
        3.024999999999948,
        -0.04961131778630623
    ],
    "2": [
        -1.4850000000000003,
        -1.2850000000000046,
        -0.7800000000000105,
        -0.8100000000000105,
        -0.6100000000000103,
        -0.4850000000000102,
        -0.23000000000000997,
        -0.04500000000000984,
        0.44499999999999046,
        0.5649999999999905,
        0.6499999999999906,
        1.2949999999999846,
        1.5499999999999792,
        3.3149999999999418,
        3.3699999999999406,
        -0.9125349592711482
    ],
    "3": [
        -1.4000000000000021,
        -1.405000000000002,
        -1.2600000000000051,
        -1.270000000000005,
        -1.0400000000000098,
        -1.0550000000000095,
        -0.5250000000000102,
        -0.4700000000000102,
        -0.33500000000001007,
        -0.33000000000001006,
        -0.24500000000001,
        -0.12000000000000988,
        0.34499999999999037,
        0.41999999999999044,
        0.5699999999999905,
        1.599999999999978,
        1.6349999999999774,
        1.7049999999999759,
        1.8649999999999725,
        1.834999999999973,
        2.184999999999966,
        2.92999999999995,
        3.4199999999999395,
        3.499999999999938,
        3.719999999999933,
        -0.4680077786797927
    ],
    "4": [
        -0.8400000000000105,
        -0.8950000000000106,
        -0.7750000000000105,
        -0.5800000000000103,
        -0.5750000000000103,
        -0.5150000000000102,
        -0.28000000000001,
        -0.21500000000000996,
        -0.07500000000000984,
        -0.20000000000000995,
        0.054999999999990154,
        0.4999999999999905,
        0.5449999999999905,
        0.7199999999999906,
        0.7299999999999907,
        0.8799999999999908,
        0.9249999999999908,
        1.1549999999999876,
        1.5799999999999785,
        1.7199999999999755,
        1.6749999999999765,
        1.7849999999999742,
        1.8749999999999722,
        2.044999999999969,
        2.1199999999999672,
        3.0099999999999483,
        3.079999999999947,
        3.209999999999944,
        3.1799999999999446,
        3.39999999999994,
        -0.8073033193590056
    ],
    "5": [
        -1.3000000000000043,
        -1.2500000000000053,
        -0.9050000000000106,
        -0.8900000000000106,
        -0.5100000000000102,
        -0.6550000000000104,
        -0.4900000000000102,
        -0.4000000000000101,
        -0.41500000000001014,
        -0.3700000000000101,
        -0.25500000000001,
        -0.13000000000000989,
        -0.1600000000000099,
        -0.10000000000000986,
        -0.22500000000000997,
        -0.07000000000000983,
        0.10499999999999018,
        0.1149999999999902,
        0.31499999999999034,
        0.2849999999999903,
        0.2949999999999903,
        0.6999999999999906,
        0.8299999999999907,
        1.2049999999999865,
        1.2099999999999864,
        1.1599999999999875,
        1.1999999999999866,
        1.229999999999986,
        1.4799999999999807,
        1.7099999999999758,
        -0.6781256396868707
    ],
    "6": [
        -1.4900000000000002,
        -1.215000000000006,
        -1.310000000000004,
        -1.2350000000000056,
        -0.9150000000000106,
        -0.8600000000000105,
        -0.8650000000000105,
        -0.7050000000000104,
        -0.5850000000000103,
        -0.3900000000000101,
        -0.21000000000000996,
        -0.27000000000001,
        -0.1500000000000099,
        -0.015000000000009839,
        0.034999999999990164,
        0.10999999999999019,
        0.3749999999999904,
        0.33999999999999037,
        0.3849999999999904,
        0.4649999999999905,
        0.5349999999999905,
        0.6349999999999906,
        0.6299999999999906,
        0.7099999999999906,
        0.7149999999999906,
        0.7999999999999907,
        0.8549999999999908,
        0.6949999999999906,
        0.8699999999999908,
        0.7399999999999907,
        -0.12528250739469682
    ],
    "7": [
        -1.4400000000000013,
        -1.4350000000000014,
        -1.1500000000000075,
        -1.1450000000000076,
        -0.8850000000000106,
        -0.8050000000000105,
        -0.9100000000000106,
        -0.7650000000000104,
        -0.7500000000000104,
        -0.6400000000000103,
        -0.5950000000000103,
        -0.45000000000001017,
        -0.5300000000000102,
        -0.19000000000000994,
        -0.25000000000001,
        -0.16500000000000992,
        -0.1550000000000099,
        -0.09000000000000985,
        0.1249999999999902,
        0.08499999999999017,
        0.06499999999999015,
        0.17499999999999025,
        0.16999999999999024,
        0.2649999999999903,
        0.30499999999999033,
        0.32499999999999035,
        0.45499999999999047,
        0.5299999999999905,
        0.5399999999999905,
        0.7849999999999907,
        -0.2724141466492189
    ],
    "8": [
        -1.450000000000001,
        -1.360000000000003,
        -1.2800000000000047,
        -1.3700000000000028,
        -1.355000000000003,
        -1.265000000000005,
        -1.170000000000007,
        -1.1650000000000071,
        -0.8200000000000105,
        -0.6800000000000104,
        -0.6600000000000104,
        -0.7900000000000105,
        -0.6450000000000103,
        -0.6150000000000103,
        -0.5900000000000103,
        -0.5600000000000103,
        -0.3650000000000101,
        -0.3950000000000101,
        -0.3600000000000101,
        -0.29000000000001,
        -0.20500000000000995,
        -0.26000000000001,
        -0.19500000000000994,
        -0.08000000000000984,
        0.14499999999999022,
        0.09499999999999018,
        0.1349999999999902,
        0.049999999999990156,
        0.05999999999999015,
        0.31999999999999035,
        -0.7726039258851163
    ],
    "9": [
        -1.3950000000000022,
        -1.3400000000000034,
        -1.4300000000000015,
        -1.3900000000000023,
        -1.3650000000000029,
        -1.3450000000000033,
        -1.3300000000000036,
        -1.3050000000000042,
        -1.3350000000000035,
        -1.2750000000000048,
        -1.1350000000000078,
        -0.9200000000000106,
        -0.7450000000000104,
        -0.6850000000000104,
        -0.6200000000000103,
        -0.6050000000000103,
        -0.4750000000000102,
        -0.6900000000000104,
        -0.4950000000000102,
        -0.3550000000000101,
        -0.41000000000001013,
        -0.23500000000000998,
        -0.27500000000001,
        -0.18000000000000993,
        -0.04000000000000984,
        0.03999999999999016,
        -9.837616832264473e-15,
        -0.010000000000009838,
        0.009999999999990163,
        0.17999999999999025,
        0.3253187274687477
    ],
    "10": [
        0.08,
        0.2050000000000001,
        0.1950000000000001,
        0.29000000000000015,
        0.2600000000000001,
        0.3650000000000002,
        0.3600000000000002,
        0.39500000000000024,
        0.6800000000000005,
        0.6150000000000004,
        0.5600000000000004,
        0.6600000000000005,
        0.7450000000000006,
        0.8200000000000006,
        0.7900000000000006,
        1.169999999999997,
        1.2799999999999947,
        1.264999999999995,
        1.359999999999993,
        1.354999999999993,
        1.3699999999999928,
        1.449999999999991,
        1.6099999999999877,
        1.5349999999999893,
        1.6499999999999868,
        1.6949999999999859,
        1.644999999999987,
        1.739999999999985,
        1.8599999999999823,
        1.9799999999999798,
        0.7726039258851163
    ],